Datasheets,Image,Digi-Key Part Number,Manufacturer Part Number,Manufacturer,Description,Quantity Available,Factory Stock,Unit Price (USD),@ qty,Minimum Quantity,"Packaging","Series","Part Status","Circuit","Contact Timing","Switch Function","Current Rating","Voltage Rating - AC","Voltage Rating - DC","Actuator Type","Actuator Length","Contact Material","Contact Finish","Mounting Type","Termination Style","Features"
http://www.te.com/commerce/DocumentDelivery/DDEController?Action=srchrtrv&DocNm=1825232&DocType=Customer+Drawing&DocLang=English,//media.digikey.com/Photos/TE%20Connectivity/1825232-1.JPG,A107673-ND,1825232-1,TE Connectivity ALCOSWITCH Switches,SWITCH SLIDE SPDT 200MA 30V,1267,0,"0.28000","0","1","Bulk","-","Active","SPDT","Non-Shorting (BBM)","On-On","200mA (DC)","-","30V","Standard","3.00mm","Copper Alloy","Silver","Through Hole, Right Angle","PC Pin","-"
http://www.ckswitches.com/media/1428/os.pdf,//media.digikey.com/photos/CK%20Comp%20Photos/os102011ma1qn1.JPG,CKN9559-ND,OS102011MA1QN1,C&K,SWITCH SLIDE SPDT 100MA 12V,16672,0,"0.36000","0","1","Bulk","OS","Active","SPDT","Non-Shorting (BBM)","On-On","100mA (DC)","-","12V","Standard","4.00mm","Copper Alloy","Silver","Through Hole, Right Angle","PC Pin","Epoxy Sealed Terminals"
http://www.ckswitches.com/media/1428/os.pdf,//media.digikey.com/photos/CK%20Comp%20Photos/OS102011MA1QS1.JPG,CKN9560-ND,OS102011MA1QS1,C&K,SWITCH SLIDE SPDT 100MA 12V,2937,0,"0.39000","0","1","Bulk","OS","Active","SPDT","Shorting (MBB)","On-On","100mA (DC)","-","12V","Standard","4.00mm","Copper Alloy","Silver","Through Hole, Right Angle","PC Pin","Epoxy Sealed Terminals"
http://www.ckswitches.com/media/1428/os.pdf,//media.digikey.com/photos/CK%20Comp%20Photos/MFG_OS102011MS2QN1.jpg,CKN9565-ND,OS102011MS2QN1,C&K,SWITCH SLIDE SPDT 100MA 12V,16728,0,"0.41000","0","1","Bulk","OS","Active","SPDT","Non-Shorting (BBM)","On-On","100mA (DC)","-","12V","Standard","4.00mm","Copper Alloy","Silver","Through Hole","PC Pin","Epoxy Sealed Terminals"
//media.digikey.com/pdf/Data%20Sheets/C&K/SS-12D07-VG_GA_PA.pdf,//media.digikey.com/Photos/CK%20Comp%20Photos/SS-12D07-VG%204%20NS%20GA%20PA.JPG,CKN10397-ND,SS-12D07-VG 4 NS GA PA,C&K,SWITCH SLIDE SPDT 300MA 30V,29688,0,"0.51000","0","1","Bulk","SS, COMAX","Active","SPDT","Non-Shorting (BBM)","On-On","300mA (DC)","-","30V","Standard","4.00mm","-","Silver","Through Hole","PC Pin","-"
http://www.ckswitches.com/media/1422/js.pdf,//media.digikey.com/photos/CK%20Comp%20Photos/JS102011SAQN.jpg,401-1999-1-ND,JS102011SAQN,C&K,SWITCH SLIDE SPDT 300MA 6V,73561,0,"0.53000","0","1","Cut Tape (CT)","JS","Active","SPDT","Not Specified","On-On","300mA (DC)","-","6V","Standard","2.00mm","Copper Alloy","Silver","Surface Mount, Right Angle","Gull Wing","-"
http://www.apem.com/files/apem/brochures/MHSS_MICRO_SLIDE.pdf,//media.digikey.com/photos/APEM%20Comp%20Photos/mhss1105.JPG,679-1849-ND,MHSS1105,Apem Inc.,SWITCH SLIDE SPDT 300MA 6V,9988,6000,"0.54000","0","1","Bulk","MHSS","Active","SPDT","Not Specified","On-On","300mA (DC)","-","6V","Standard","2.00mm","-","Silver","Through Hole, Right Angle","PC Pin","Black Actuator"
http://www.apem.com/files/apem/brochures/MHSS_MICRO_SLIDE.pdf,//media.digikey.com/photos/APEM%20Comp%20Photos/mhss1104.JPG,679-1848-ND,MHSS1104,Apem Inc.,SWITCH SLIDE SPDT 300MA 6V,2992,10000,"0.54000","0","1","Bulk","MHSS","Active","SPDT","Not Specified","On-On","300mA (DC)","-","6V","Standard","2.00mm","-","Silver","Through Hole","PC Pin","Black Actuator"
http://www.ckswitches.com/media/1422/js.pdf,//media.digikey.com/Photos/CK%20Comp%20Photos/JS102011JAQN.JPG,CKN10720CT-ND,JS102011JAQN,C&K,SWITCH SLIDE SPDT 300MA 6V,1917,0,"0.55000","0","1","Cut Tape (CT)","JS","Active","SPDT","Not Specified","On-On","300mA (DC)","-","6V","Standard","2.00mm","Copper Alloy","Silver","Surface Mount, Right Angle","J Lead","-"
http://www.nidec-copal-electronics.com/e/catalog/switch/css.pdf,//media.digikey.com/photos/Copal%20Photos/CSS-1210MC.jpg,563-1090-ND,CSS-1210MC,Copal Electronics Inc.,SWITCH SLIDE SPDT 100MA 12V,2279,159,"0.56000","0","1","Tube","CSS","Active","SPDT","Non-Shorting (BBM)","On-On","100mA (DC)","-","12V","Standard","2.00mm","Copper Alloy","Gold","Through Hole, Right Angle","PC Pin","-"
http://spec_sheets.e-switch.com/specs/P040040.pdf,//media.digikey.com/photos/E-Switch%20Photos/EG1218.jpg,EG1903-ND,EG1218,E-Switch,SWITCH SLIDE SPDT 200MA 30V,57211,0,"0.58000","0","1","Bulk","EG","Active","SPDT","Non-Shorting (BBM)","On-On","200mA (DC)","-","30V","Standard","2.00mm","Copper Alloy","Silver","Through Hole","PC Pin","-"
http://spec_sheets.e-switch.com/specs/P040030.pdf,//media.digikey.com/photos/E-Switch%20Photos/EG1213.jpg,EG1906-ND,EG1213,E-Switch,SWITCH SLIDE SPDT 200MA 30V,14710,0,"0.58000","0","1","Bulk","EG","Active","SPDT","Non-Shorting (BBM)","On-On","200mA (DC)","-","30V","Standard","5.00mm","Copper Alloy","Silver","Through Hole, Right Angle","PC Pin","-"
http://spec_sheets.e-switch.com/specs/P040020.pdf,//media.digikey.com/photos/E-Switch%20Photos/EG1206.jpg,EG1916-ND,EG1206,E-Switch,SWITCH SLIDE SPDT 200MA 30V,8605,0,"0.58000","0","1","Bulk","EG","Active","SPDT","Non-Shorting (BBM)","On-On","200mA (DC)","-","30V","Standard","3.00mm","Copper Alloy","Silver","Through Hole, Right Angle","PC Pin","-"
http://spec_sheets.e-switch.com/specs/P040010.pdf,//media.digikey.com/photos/E-Switch%20Photos/EG1201.jpg,EG1901-ND,EG1201,E-Switch,SWITCH SLIDE SPDT 200MA 30V,8519,0,"0.58000","0","1","Bulk","EG","Active","SPDT","Non-Shorting (BBM)","On-On","200mA (DC)","-","30V","Standard","4.00mm","Copper Alloy","Silver","Panel Mount","Solder Lug","-"
http://spec_sheets.e-switch.com/specs/P040021.pdf,//media.digikey.com/photos/E-Switch%20Photos/EG1206A.jpg,EG1917-ND,EG1206A,E-Switch,SWITCH SLIDE SPDT 200MA 30V,3264,0,"0.58000","0","1","Bulk","EG","Active","SPDT","Non-Shorting (BBM)","On-On","200mA (DC)","-","30V","Standard","6.00mm","Copper Alloy","Silver","Through Hole, Right Angle","PC Pin","-"
http://spec_sheets.e-switch.com/specs/P040011.pdf,//media.digikey.com/photos/E-Switch%20Photos/EG1201A.jpg,EG1902-ND,EG1201A,E-Switch,SWITCH SLIDE SPDT 200MA 30V,1695,0,"0.58000","0","1","Bulk","EG","Active","SPDT","Non-Shorting (BBM)","On-On","200mA (DC)","-","30V","Standard","5.50mm","Copper Alloy","Silver","Panel Mount","Solder Lug","-"
//media.digikey.com/pdf/Data%20Sheets/C&K/SK-12F17-G.pdf,//media.digikey.com/Photos/CK%20Comp%20Photos/SK-12F17-G%207.JPG,CKN10393-ND,SK-12F17-G 7,C&K,SWITCH SLIDE SPDT 300MA 30V,1752,0,"0.59000","0","1","Bulk","SK, COMAX","Active","SPDT","Not Specified","On-On","300mA (DC)","-","30V","Standard","7.00mm","Copper","Silver","Through Hole, Right Angle","PC Pin","-"
http://www.nidec-copal-electronics.com/e/catalog/switch/css.pdf,//media.digikey.com/photos/Copal%20Photos/CSS-1210TB.jpg,563-1091-1-ND,CSS-1210TB,Copal Electronics Inc.,SWITCH SLIDE SPDT 100MA 12V,22358,0,"0.61000","0","1","Cut Tape (CT)","CSS","Active","SPDT","Non-Shorting (BBM)","On-On","100mA (DC)","-","12V","Standard","2.00mm","Copper Alloy","Gold","Surface Mount, Right Angle","Gull Wing","-"
http://www.te.com/commerce/DocumentDelivery/DDEController?Action=srchrtrv&DocNm=1825282&DocType=Customer+Drawing&DocLang=English,//media.digikey.com/photos/Tyco%20Alcoswitch%20Photos/SSJ12R04.jpg,450-1635-ND,1825282-1,TE Connectivity ALCOSWITCH Switches,SWITCH SLIDE SPDT 100MA 12V,5063,0,"0.64000","0","1","Bulk","SSJ","Active","SPDT","Shorting (MBB)","On-On","100mA (DC)","-","12V","Standard","2.50mm","Copper Alloy","Silver","Through Hole, Right Angle","PC Pin","Epoxy Sealed Terminals"
http://www.ckswitches.com/media/1422/js.pdf,//media.digikey.com/Photos/CK%20Comp%20Photos/JS102011JCQN.JPG,CKN10721CT-ND,JS102011JCQN,C&K,SWITCH SLIDE SPDT 300MA 6V,1271,0,"0.64000","0","1","Cut Tape (CT)","JS","Active","SPDT","Not Specified","On-On","300mA (DC)","-","6V","Standard","2.00mm","Copper Alloy","Silver","Surface Mount","J Lead","-"
http://switches-connectors-custom.cwind.com/Asset/GF-124-Dimension-DRAWING.pdf,//media.digikey.com/Photos/CW%20Ind%20Photos/GF-124-0204.jpg,CWI433-ND,GF-124-0204,CW Industries,SWITCH SLIDE SPDT 500MA 125V,8837,0,"0.65000","0","1","Bulk","GF","Active","SPDT","Not Specified","On-On","500mA (AC/DC)","125V","125V","Standard","11.50mm","Copper","Silver","Panel Mount","Solder Lug","-"
http://switches-connectors-custom.cwind.com/Asset/GF-124-Dimension-DRAWING.pdf,//media.digikey.com/Photos/CW%20Ind%20Photos/GF-124-0000.jpg,CWI335-ND,GF-124-0000,CW Industries,SWITCH SLIDE SPDT 500MA 125V,499,0,"0.65000","0","1","Bulk","GF","Active","SPDT","Not Specified","On-On","500mA (AC/DC)","125V","125V","Standard","5.08mm","Copper","Silver","Panel Mount","Solder Lug","-"
http://switches-connectors-custom.cwind.com/Asset/GF-124-Dimension-DRAWING.pdf,//media.digikey.com/Photos/CW%20Ind%20Photos/GF-124-0217.jpg,CWI434-ND,GF-124-0217,CW Industries,SWITCH SLIDE SPDT 500MA 125V,819,0,"0.65000","0","1","Bulk","GF","Active","SPDT","Not Specified","On-On","500mA (AC/DC)","125V","125V","Standard","5.08mm","Copper","Silver","Panel Mount","Solder Lug","-"
http://switches-connectors-custom.cwind.com/Asset/GF-124-Dimension-DRAWING.pdf,//media.digikey.com/Photos/CW%20Ind%20Photos/GF-124-0088.jpg,CWI431-ND,GF-124-0088,CW Industries,SWITCH SLIDE SPDT 500MA 125V,273,0,"0.65000","0","1","Bulk","GF","Active","SPDT","Not Specified","On-On","500mA (AC/DC)","125V","125V","Standard","8.33mm","Copper","Silver","Panel Mount","Solder Lug","-"
http://spec_sheets.e-switch.com/specs/P040047.pdf,//media.digikey.com/photos/E-Switch%20Photos/EG1271A.jpg,EG1919-ND,EG1271A,E-Switch,SWITCH SLIDE SPDT 300MA 30V,10439,0,"0.66000","0","1","Bulk","EG","Active","SPDT","Non-Shorting (BBM)","On-On","300mA (DC)","-","30V","Standard","4.40mm","Copper Alloy","Silver","Through Hole","PC Pin","-"
http://spec_sheets.e-switch.com/specs/P040046.pdf,//media.digikey.com/photos/E-Switch%20Photos/EG1271.jpg,EG1918-ND,EG1271,E-Switch,SWITCH SLIDE SPDT 300MA 30V,9495,0,"0.66000","0","1","Bulk","EG","Active","SPDT","Non-Shorting (BBM)","On-On","300mA (DC)","-","30V","Standard","2.00mm","Copper Alloy","Silver","Through Hole","PC Pin","-"
http://www.nidec-copal-electronics.com/e/catalog/switch/mts&mhs.pdf,//media.digikey.com/Photos/Copal%20Photos/MHS121.jpg,563-1569-ND,MHS121,Copal Electronics Inc.,SWITCH SLIDE SPDT 200MA 12V,393,3200,"0.67000","0","1","Bulk","MHS","Active","SPDT","Non-Shorting (BBM)","On-On","200mA (DC)","-","12V","Standard","2.00mm","-","Silver","Through Hole","PC Pin","-"
http://www.nidec-copal-electronics.com/e/catalog/switch/mts&mhs.pdf,//media.digikey.com/Photos/Copal%20Photos/MHS122.jpg,563-1570-ND,MHS122,Copal Electronics Inc.,SWITCH SLIDE SPDT 200MA 12V,966,400,"0.67000","0","1","Bulk","MHS","Active","SPDT","Non-Shorting (BBM)","On-On","200mA (DC)","-","12V","Standard","2.00mm","-","Silver","Through Hole, Right Angle","PC Pin","-"
//media.digikey.com/pdf/Data%20Sheets/C&K/SK-12C06-MG_4.4_NS.pdf,//media.digikey.com/Photos/CK%20Comp%20Photos/SK-12C06-MG%204.4%20NS.JPG,CKN10367-ND,SK-12C06-MG 4.4 NS,C&K,SWITCH SLIDE SPDT 200MA 30V,1940,0,"0.68000","0","1","Bulk","SK, COMAX","Active","SPDT","Not Specified","On-On","200mA (DC)","-","30V","Standard","4.40mm","-","Silver","Through Hole, Right Angle","PC Pin","-"
http://www.nidec-copal-electronics.com/e/catalog/switch/mfs.pdf,//media.digikey.com/Photos/Copal%20Photos/MFS101D-14-Z.JPG,563-1553-ND,MFS101D-14-Z,Copal Electronics Inc.,SWITCH SLIDE SPDT 300MA 30V,1029,300,"0.70000","0","1","Bulk","MFS","Active","SPDT","Non-Shorting (BBM)","On-On","300mA (DC)","-","30V","Standard","4.00mm","-","-","Panel Mount","Solder Lug","-"
http://spec_sheets.e-switch.com/specs/P040045.pdf,//media.digikey.com/photos/E-Switch%20Photos/EG1270.jpg,EG1847-ND,EG1270,E-Switch,SWITCH SLIDE SPDT 300MA 6V,9236,0,"0.73000","0","1","Bulk","EG","Active","SPDT","Non-Shorting (BBM)","On-On","300mA (DC)","-","6V","Standard","2.00mm","Copper Alloy","Silver","Through Hole, Right Angle","PC Pin","-"
http://spec_sheets.e-switch.com/specs/P040042.pdf,//media.digikey.com/photos/E-Switch%20Photos/EG1224.jpg,EG2585-ND,EG1224,E-Switch,SWITCH SLIDE SPDT 500MA 15V,4911,0,"0.73000","0","1","Bulk","EG","Active","SPDT","Non-Shorting (BBM)","On-On","500mA (DC)","-","15V","Standard","8.50mm","Copper Alloy","Silver","Through Hole, Right Angle","PC Pin","-"
http://www.nidec-copal-electronics.com/e/catalog/switch/mts&mhs.pdf,//media.digikey.com/Photos/Copal%20Photos/MHS122-1.jpg,563-1571-ND,MHS122-1,Copal Electronics Inc.,SWITCH SLIDE SPDT 200MA 12V,399,1800,"0.79000","0","1","Bulk","MHS","Active","SPDT","Non-Shorting (BBM)","On-On","200mA (DC)","-","12V","Standard","2.00mm","-","Gold","Through Hole, Right Angle","PC Pin","-"
//media.digikey.com/pdf/Data%20Sheets/C&K/SS-12D1505-G.pdf,//media.digikey.com/Photos/CK%20Comp%20Photos/SS-12D1505-G%202.JPG,CKN10372-ND,SS-12D1505-G 2,C&K,SWITCH SLIDE SPDT 300MA 6V,9725,0,"0.80000","0","1","Bulk","SS, COMAX","Active","SPDT","Non-Shorting (BBM)","On-On","300mA (DC)","-","6V","Standard","2.00mm","-","Silver","Through Hole","PC Pin","-"
http://www.cwind.com/pdf/Standard-Switch-Catalog-S2120-II-03-2.pdf,//media.digikey.com/photos/CW%20Ind%20Photos/GF-624-6014.jpg,SW104-ND,GF-624-6014,CW Industries,SWITCH SLIDE SPDT 6A 125V,6445,0,"0.85000","0","1","Bulk","PS","Active","SPDT","Not Specified","On-On","6A (AC), 500mA (DC)","125V","125V","Standard","8.74mm","Copper","Silver","Panel Mount","Wire Wrap","-"
http://www.cwind.com/pdf/Standard-Switch-Catalog-S2120-II-03-2.pdf,//media.digikey.com/Photos/CW%20Ind%20Photos/GF-624-0039.JPG,CWI386-ND,GF-624-0039,CW Industries,SWITCH SLIDE SPDT 6A 125V,121,0,"0.85000","0","1","Bulk","GF","Active","SPDT","Not Specified","On-On","6A (AC), 500mA (DC)","125V","125V","Standard","10.31mm","Copper","Silver","Panel Mount","PC Pin","-"
http://www.ckswitches.com/media/1424/pcm.pdf,//media.digikey.com/Photos/CK%20Comp%20Photos/PCM12SMTR.JPG,401-2016-1-ND,PCM12SMTR,C&K,SWITCH SLIDE SPDT 300MA 6V,20335,0,"0.86000","0","1","Cut Tape (CT)","PCM","Active","SPDT","Not Specified","On-On","300mA (DC)","-","6V","Standard","1.50mm","Copper Alloy","Silver","Surface Mount, Right Angle","Gull Wing","-"
http://www.nidec-copal-electronics.com/e/catalog/switch/cl-sb.pdf,//media.digikey.com/Photos/Copal%20Photos/CL-SB-12C-11.JPG,563-1324-ND,CL-SB-12C-11,Copal Electronics Inc.,SWITCH SLIDE SPDT 200MA 12V,135,1600,"0.86000","0","1","Bulk","CL-SB","Active","SPDT","Non-Shorting (BBM)","On-On","200mA (DC)","-","12V","Standard","2.00mm","Copper","Silver","Through Hole, Right Angle","PC Pin","-"
http://www.cwind.com/pdf/Standard-Switch-Catalog-S2120-II-03-2.pdf,//media.digikey.com/Photos/CW%20Ind%20Photos/GF-1124-0020.JPG,CWI329-ND,GF-1124-0020,CW Industries,SWITCH SLIDE SPDT 11A 125V,980,0,"0.88000","0","1","Bulk","GF","Active","SPDT","Not Specified","On-On","11A (AC), 500mA (DC)","125V","125V","Standard","8.74mm","Copper","Silver","Panel Mount","PC Pin","-"
http://www.nidec-copal-electronics.com/e/catalog/switch/cl-sb.pdf,//media.digikey.com/Photos/Copal%20Photos/CL-SB-12B-01T.jpg,563-1318-1-ND,CL-SB-12B-01T,Copal Electronics Inc.,SWITCH SLIDE SPDT 200MA 12V,23295,0,"0.89000","0","1","Cut Tape (CT)","CL-SB","Active","SPDT","Non-Shorting (BBM)","On-On","200mA (DC)","-","12V","Standard","2.00mm","Copper","Silver","Surface Mount","Gull Wing","-"
http://www.nidec-copal-electronics.com/e/catalog/switch/cl-sb.pdf,//media.digikey.com/Photos/Copal%20Photos/CL-SB-12A-01T.jpg,563-1314-1-ND,CL-SB-12A-01T,Copal Electronics Inc.,SWITCH SLIDE SPDT 200MA 12V,8758,11000,"0.89000","0","1","Cut Tape (CT)","CL-SB","Active","SPDT","Non-Shorting (BBM)","On-On","200mA (DC)","-","12V","Standard","2.00mm","Copper","Silver","Surface Mount","J Lead","-"
http://www.nidec-copal-electronics.com/e/catalog/switch/cl-sb.pdf,//media.digikey.com/Photos/Copal%20Photos/CL-SB-12B-12T.JPG,563-1320-1-ND,CL-SB-12B-11T,Copal Electronics Inc.,SWITCH SLIDE SPDT 200MA 12V,1111,0,"0.89000","0","1","Cut Tape (CT)","CL-SB","Active","SPDT","Non-Shorting (BBM)","On-On","200mA (DC)","-","12V","Standard","2.00mm","Copper","Silver","Surface Mount, Right Angle","Gull Wing","-"
http://www.nidec-copal-electronics.com/e/catalog/switch/cl-sb.pdf,//media.digikey.com/Photos/Copal%20Photos/CL-SB-12A-11T.jpg,563-1316-1-ND,CL-SB-12A-11T,Copal Electronics Inc.,SWITCH SLIDE SPDT 200MA 12V,41,0,"0.89000","0","1","Cut Tape (CT)","CL-SB","Active","SPDT","Non-Shorting (BBM)","On-On","200mA (DC)","-","12V","Standard","2.00mm","Copper","Silver","Surface Mount, Right Angle","J Lead","-"
http://www.te.com/commerce/DocumentDelivery/DDEController?Action=srchrtrv&DocNm=1825115&DocType=Customer+Drawing&DocLang=English,//media.digikey.com/photos/Tyco%20Alcoswitch%20Photos/SLS121PC04.jpg,450-1598-ND,1825115-1,TE Connectivity ALCOSWITCH Switches,SWITCH SLIDE SPDT 250MA 125V,1809,0,"0.93000","0","1","Bulk","SLS","Active","SPDT","Non-Shorting (BBM)","On-On","250mA (AC), 150mA (DC)","125V","12V","Standard","5.00mm","Copper Alloy","Silver","Through Hole","PC Pin","Epoxy Sealed Terminals"
http://www.nidec-copal-electronics.com/e/catalog/switch/mfs.pdf,//media.digikey.com/Photos/Copal%20Photos/MFS101D-8-Z.jpg,563-1556-ND,MFS101D-8-Z,Copal Electronics Inc.,SWITCH SLIDE SPDT 2A 30V,811,1900,"0.93000","0","1","Bulk","MFS","Active","SPDT","Shorting (MBB)","On-On","2A (AC), 300mA (DC)","30V","30V","Standard","2.50mm","-","-","Through Hole","PC Pin","-"
http://www.ckswitches.com/media/1431/ayz.pdf,//media.digikey.com/photos/CK%20Comp%20Photos/AYZ0102AGRL.jpg,401-2012-1-ND,AYZ0102AGRLC,C&K,SWITCH SLIDE SPDT 100MA 12V,20786,0,"0.96000","0","1","Cut Tape (CT)","AYZ","Active","SPDT","Not Specified","On-On","100mA (DC)","-","12V","Standard","1.00mm","Copper Alloy","Silver","Surface Mount, Right Angle","Gull Wing","-"
http://www.nidec-copal-electronics.com/e/catalog/switch/mfs.pdf,//media.digikey.com/Photos/Copal%20Photos/MFS101D-10-Z.JPG,563-1551-ND,MFS101D-10-Z,Copal Electronics Inc.,SWITCH SLIDE SPDT 300MA 30V,2390,100,"0.96000","0","1","Bulk","MFS","Active","SPDT","Non-Shorting (BBM)","On-On","300mA (DC)","-","30V","Standard","2.00mm","-","-","Through Hole, Right Angle","PC Pin","-"
http://www.te.com/commerce/DocumentDelivery/DDEController?Action=srchrtrv&DocNm=1825280&DocType=Customer+Drawing&DocLang=English,//media.digikey.com/photos/Tyco%20Alcoswitch%20Photos/SSJ1204.jpg,450-1634-ND,1825280-1,TE Connectivity ALCOSWITCH Switches,SWITCH SLIDE SPDT 100MA 12V,5021,0,"1.04000","0","1","Bulk","SSJ","Active","SPDT","Shorting (MBB)","On-On","100mA (DC)","-","12V","Standard","2.00mm","Copper Alloy","Silver","Through Hole","PC Pin","Epoxy Sealed Terminals"
http://switches-connectors-custom.cwind.com/Asset/GPI-151-Dimension-DRAWING.pdf,//media.digikey.com/Photos/CW%20Ind%20Photos/GPI-151-0002.JPG,CWI396-ND,GPI-151-0002,CW Industries,SWITCH SLIDE SPDT 500MA 125V,1012,0,"1.08000","0","1","Bulk","GPI","Active","SPDT","Not Specified","On-On","500mA (AC/DC)","125V","125V","Standard","8.33mm","Copper","Silver","Through Hole, Right Angle","PC Pin","-"
http://www.apem.com/files/apem/brochures/MMS_MICRO_SLIDE.pdf,//media.digikey.com/photos/APEM%20Comp%20Photos/mms1208.JPG,679-1854-ND,MMS1208,Apem Inc.,SWITCH SLIDE SPDT 300MA 30V,1554,0,"1.15000","0","1","Bulk","MMS","Active","SPDT","Not Specified","On-On","300mA (DC)","-","30V","Standard","2.00mm","-","Silver","Through Hole","PC Pin","Epoxy Sealed Terminals"
http://www.apem.com/files/apem/brochures/MS_MICRO_SLIDE.pdf,//media.digikey.com/photos/APEM%20Comp%20Photos/MS12.JPG,679-1850-ND,MS12,Apem Inc.,SWITCH SLIDE SPDT 300MA 6V,9,0,"1.15000","0","1","Bulk","MS","Active","SPDT","Not Specified","On-On","300mA (DC)","-","6V","Standard","2.00mm","-","Silver","Through Hole","PC Pin","-"
http://www.nidec-copal-electronics.com/e/catalog/switch/cl-sb.pdf,//media.digikey.com/photos/Copal%20Photos/CL-SB-12C-02.JPG,563-1323-ND,CL-SB-12C-02,Copal Electronics Inc.,SWITCH SLIDE SPDT 200MA 12V,894,2300,"1.17000","0","1","Bulk","CL-SB","Active","SPDT","Non-Shorting (BBM)","On-On","200mA (DC)","-","12V","Standard","2.00mm","Copper","Gold","Through Hole","PC Pin","-"
http://www.nidec-copal-electronics.com/e/catalog/switch/cl-sb.pdf,//media.digikey.com/Photos/Copal%20Photos/CL-SB-12C-12.JPG,563-1325-ND,CL-SB-12C-12,Copal Electronics Inc.,SWITCH SLIDE SPDT 200MA 12V,700,300,"1.17000","0","1","Bulk","CL-SB","Active","SPDT","Non-Shorting (BBM)","On-On","200mA (DC)","-","12V","Standard","2.00mm","Copper","Gold","Through Hole, Right Angle","PC Pin","-"
http://switches-connectors-custom.cwind.com/Asset/GF-124-Dimension-DRAWING.pdf,//media.digikey.com/Photos/CW%20Ind%20Photos/GF-124-0196.JPG,CWI337-ND,GF-124-0196,CW Industries,SWITCH SLIDE SPDT 500MA 125V,1299,0,"1.20000","0","1","Bulk","GF","Active","SPDT","Not Specified","On-On","500mA (AC/DC)","125V","125V","Standard","5.08mm","Copper","Silver","Through Hole","PC Pin","-"
http://www.nidec-copal-electronics.com/e/catalog/switch/cl-sb.pdf,//media.digikey.com/Photos/Copal%20Photos/CL-SB-12A-12T.JPG,563-1317-1-ND,CL-SB-12A-12T,Copal Electronics Inc.,SWITCH SLIDE SPDT 200MA 12V,8957,0,"1.22000","0","1","Cut Tape (CT)","CL-SB","Active","SPDT","Non-Shorting (BBM)","On-On","200mA (DC)","-","12V","Standard","2.00mm","Copper","Gold","Surface Mount, Right Angle","J Lead","-"
http://www.nidec-copal-electronics.com/e/catalog/switch/cl-sb.pdf,//media.digikey.com/Photos/Copal%20Photos/CL-SB-12A-02T.JPG,563-1315-1-ND,CL-SB-12A-02T,Copal Electronics Inc.,SWITCH SLIDE SPDT 200MA 12V,2826,8000,"1.22000","0","1","Cut Tape (CT)","CL-SB","Active","SPDT","Non-Shorting (BBM)","On-On","200mA (DC)","-","12V","Standard","2.00mm","Copper","Gold","Surface Mount","J Lead","-"
http://www.nidec-copal-electronics.com/e/catalog/switch/cl-sb.pdf,//media.digikey.com/Photos/Copal%20Photos/CL-SB-12B-01T.jpg,563-1319-1-ND,CL-SB-12B-02T,Copal Electronics Inc.,SWITCH SLIDE SPDT 200MA 12V,2463,4500,"1.22000","0","1","Cut Tape (CT)","CL-SB","Active","SPDT","Non-Shorting (BBM)","On-On","200mA (DC)","-","12V","Standard","2.00mm","Copper","Gold","Surface Mount","Gull Wing","-"
http://www.nidec-copal-electronics.com/e/catalog/switch/cl-sb.pdf,//media.digikey.com/Photos/Copal%20Photos/CL-SB-12B-12T.JPG,563-1321-1-ND,CL-SB-12B-12T,Copal Electronics Inc.,SWITCH SLIDE SPDT 200MA 12V,998,1000,"1.22000","0","1","Cut Tape (CT)","CL-SB","Active","SPDT","Non-Shorting (BBM)","On-On","200mA (DC)","-","12V","Standard","2.00mm","Copper","Gold","Surface Mount, Right Angle","Gull Wing","-"
http://www.apem.com/files/apem/brochures/SLG_MINI_SLIDE.pdf,//media.digikey.com/Photos/APEM%20Comp%20Photos/SLG12014.jpg,679-3535-ND,SLG12014,Apem Inc.,SWITCH SLIDE SPDT 300MA 125V,5240,4500,"1.30000","0","1","Tube","SLG","Active","SPDT","Not Specified","On-On","300mA (AC/DC)","125V","30V","Standard","4.00mm","-","Silver","Through Hole","PC Pin","-"
http://www.apem.com/files/apem/brochures/SLB_MINI_SLIDE.pdf,//media.digikey.com/Photos/APEM%20Comp%20Photos/SLB12814.jpg,679-3547-ND,SLB12814,Apem Inc.,SWITCH SLIDE SPDT 300MA 125V,233,0,"1.35000","0","1","Tube","SLB","Active","SPDT","Not Specified","On-On","300mA (AC/DC)","125V","30V","Standard","4.00mm","-","Silver","Through Hole","PC Pin","Epoxy Sealed Terminals"
http://www.apem.com/files/apem/brochures/SLB_MINI_SLIDE.pdf,//media.digikey.com/photos/APEM%20Comp%20Photos/slb1280r5.JPG,679-1871-ND,SLB1280R5,Apem Inc.,SWITCH SLIDE SPDT 300MA 125V,1957,0,"1.40000","0","1","Bulk","SLB","Active","SPDT","Not Specified","On-On","300mA (AC/DC)","125V","30V","Standard","5.00mm","-","Silver","Through Hole, Right Angle","PC Pin","Epoxy Sealed Terminals"
http://www.apem.com/files/apem/brochures/SLB_MINI_SLIDE.pdf,//media.digikey.com/photos/APEM%20Comp%20Photos/slb12804.JPG,679-1870-ND,SLB12804,Apem Inc.,SWITCH SLIDE SPDT 300MA 125V,545,0,"1.40000","0","1","Bulk","SLB","Active","SPDT","Not Specified","On-On","300mA (AC/DC)","125V","30V","Standard","4.00mm","-","Silver","Through Hole","PC Pin","Epoxy Sealed Terminals"
http://switches-connectors-custom.cwind.com/Asset/GS-115-0511-Dimension-drawing.pdf,//media.digikey.com/photos/CW%20Ind%20Photos/GS115-0511.jpg,SW103-ND,GS-115-0511,CW Industries,SWITCH SLIDE SPDT 500MA 125V,1799,0,"1.42000","0","1","Bulk","PS-A","Active","SPDT","Not Specified","On-On","500mA (AC/DC)","125V","125V","Standard","3.18mm","Copper Alloy","Silver","Panel Mount","Solder Lug","-"
http://www.apem.com/files/apem/brochures/MHS_MINI_SLIDE.pdf,//media.digikey.com/photos/APEM%20Comp%20Photos/MHS122.jpg,679-1839-ND,MHS122,Apem Inc.,SWITCH SLIDE SPDT 300MA 30V,736,25,"1.45000","0","1","Bulk","MHS","Active","SPDT","Not Specified","On-On","300mA (DC)","-","30V","Standard","4.50mm","Brass","Silver","Through Hole","PC Pin","Epoxy Sealed Terminals"
http://www.nkkswitches.com/pdf/SSnonilluminated.pdf,//media.digikey.com/photos/NKK%20Switches%20Photos/SS12SDP2.jpg,360-2133-ND,SS12SDP2,NKK Switches,SWITCH SLIDE SPDT 100MA 30V,1561,0,"1.47000","0","1","Tray","SS","Active","SPDT","Shorting (MBB)","On-On","100mA (DC)","-","30V","Standard","2.00mm","Phosphor Bronze","Silver","Through Hole","PC Pin","-"
http://www.nkkswitches.com/pdf/SSnonilluminated.pdf,//media.digikey.com/photos/NKK%20Switches%20Photos/SS12SDH2.jpg,360-2134-ND,SS12SDH2,NKK Switches,SWITCH SLIDE SPDT 100MA 30V,2129,6653,"1.47000","0","1","Tray","SS","Active","SPDT","Shorting (MBB)","On-On","100mA (DC)","-","30V","Standard","2.50mm","Phosphor Bronze","Silver","Through Hole, Right Angle","PC Pin","-"
http://www.nkkswitches.com/pdf/SSnonilluminated.pdf,//media.digikey.com/Photos/NKK%20Switches%20Photos/MFG_SS12SBP2.jpg,360-2921-ND,SS12SBP2,NKK Switches,SWITCH SLIDE SPDT 100MA 30V,574,5250,"1.47000","0","1","Tray","SS","Active","SPDT","Shorting (MBB)","On-On","100mA (DC)","-","30V","Standard","2.00mm","Phosphor Bronze","Silver","Through Hole","PC Pin","-"
http://switches-connectors-custom.cwind.com/Asset/GS-111-0000.PDF,//media.digikey.com/Photos/CW%20Ind%20Photos/GS-111-0000.JPG,CWI495-ND,GS-111-0000,CW Industries,SWITCH SLIDE SPDT 500MA 125V,228,0,"1.49000","0","1","Bulk","GS","Active","SPDT","Not Specified","On-On","500mA (AC/DC)","125V","125V","Standard","4.75mm","Copper Alloy","Silver","Panel Mount","Solder Hook","-"
http://www.te.com/commerce/DocumentDelivery/DDEController?Action=srchrtrv&DocNm=1825077&DocType=Customer+Drawing&DocLang=English,//media.digikey.com/photos/Tyco%20Alcoswitch%20Photos/SLS121104%20.jpg,450-1597-ND,1825077-1,TE Connectivity ALCOSWITCH Switches,SWITCH SLIDE SPDT 250MA 125V,417,0,"1.63000","0","1","Bulk","SLS","Active","SPDT","Non-Shorting (BBM)","On-On","250mA (AC), 150mA (DC)","125V","12V","Standard","5.00mm","Copper Alloy","Silver","Through Hole","Solder Lug","Epoxy Sealed Terminals"
http://www.te.com/commerce/DocumentDelivery/DDEController?Action=srchrtrv&DocNm=1825116&DocType=Customer+Drawing&DocLang=English,//media.digikey.com/photos/Tyco%20Alcoswitch%20Photos/SLS121RA04.jpg,450-1599-ND,1825116-1,TE Connectivity ALCOSWITCH Switches,SWITCH SLIDE SPDT 250MA 125V,1726,0,"1.70000","0","1","Bulk","SLS","Active","SPDT","Non-Shorting (BBM)","On-On","250mA (AC), 150mA (DC)","125V","12V","Standard","5.00mm","Copper Alloy","Silver","Through Hole, Right Angle","PC Pin","Epoxy Sealed Terminals"
http://www.te.com/commerce/DocumentDelivery/DDEController?Action=srchrtrv&DocNm=1-1437575-4&DocType=Customer+Drawing&DocLang=English,//media.digikey.com/photos/Tyco%20Alcoswitch%20Photos/SSA12.jpg,450-1602-ND,SSA12,TE Connectivity ALCOSWITCH Switches,SWITCH SLIDE SPDT 100MA 30V,5948,0,"1.82000","0","1","Bulk","SSA","Active","SPDT","Not Specified","On-On","100mA (DC)","-","30V","Standard","2.00mm","Copper Alloy","Silver","Through Hole","PC Pin","Epoxy Sealed Terminals"
http://www.ckswitches.com/media/1423/l.pdf,//media.digikey.com/photos/CK%20Comp%20Photos/L102021ML04Q.jpg,CKC5102-ND,L102021ML04Q,C&K,SWITCH SLIDE SPDT 4A 125V,1152,0,"1.83000","0","1","Bulk","L","Active","SPDT","Not Specified","On-On","4A (AC/DC)","125V","28V","Standard","8.51mm","Copper","Silver","Through Hole, Right Angle","PC Pin","-"
http://www.ckswitches.com/media/1423/l.pdf,//media.digikey.com/photos/CK%20Comp%20Photos/L102011MS02Q.jpg,CKC5107-ND,L102011MS02Q,C&K,SWITCH SLIDE SPDT 4A 125V,38,0,"1.83000","0","1","Bulk","L","Active","SPDT","Not Specified","On-On","4A (AC/DC)","125V","28V","Standard","5.08mm","Copper","Silver","Through Hole","PC Pin","-"
http://switches-connectors-custom.cwind.com/Asset/GS-115-0033.pdf,//media.digikey.com/Photos/CW%20Ind%20Photos/GS-115-0033.JPG,CW200-ND,GS-115-0033,CW Industries,SWITCH SLIDE SPDT 500MA 125V,421,0,"1.91000","0","1","Bulk","GS","Active","SPDT","Not Specified","On-On","500mA (AC/DC)","125V","125V","Standard","3.56mm","Copper Alloy","Silver","Through Hole","Press-Fit","-"
http://switches-connectors-custom.cwind.com/Asset/GS-115-0054.pdf,//media.digikey.com/Photos/CW%20Ind%20Photos/GS-115-0054.JPG,CWI423-ND,GS-115-0054,CW Industries,SWITCH SLIDE SPDT 500MA 125V,312,0,"1.94000","0","1","Bulk","GS","Active","SPDT","Not Specified","On-On","500mA (AC/DC)","125V","125V","Standard","3.18mm","Copper Alloy","Silver","Through Hole","PC Pin","-"
http://switches-connectors-custom.cwind.com/Asset/GS-115-0041.pdf,//media.digikey.com/Photos/CW%20Ind%20Photos/GS-115-0041.JPG,CW201-ND,GS-115-0041,CW Industries,SWITCH SLIDE SPDT 500MA 125V,1162,0,"1.96000","0","1","Bulk","GS","Active","SPDT","Not Specified","On-On","500mA (AC/DC)","125V","125V","Standard","3.56mm","Copper Alloy","Silver","Panel Mount","Press-Fit","-"
http://switches-connectors-custom.cwind.com/Asset/GS-115-0047.pdf,//media.digikey.com/Photos/CW%20Ind%20Photos/GS-115-0047.JPG,CWI422-ND,GS-115-0047,CW Industries,SWITCH SLIDE SPDT 500MA 125V,531,0,"1.96000","0","1","Bulk","GS","Active","SPDT","Not Specified","On-On","500mA (AC/DC)","125V","125V","Standard","3.18mm","Copper Alloy","Silver","Through Hole","PC Pin","-"
http://www.te.com/commerce/DocumentDelivery/DDEController?Action=srchrtrv&DocNm=1437575-4&DocType=Customer+Drawing&DocLang=English,//media.digikey.com/photos/Tyco%20Alcoswitch%20Photos/MMS12.jpg,450-1578-ND,MMS12,TE Connectivity ALCOSWITCH Switches,SWITCH SLIDE SPDT 100MA 30V,4836,0,"1.99000","0","1","Bulk","MMS","Active","SPDT","Shorting (MBB)","On-On","100mA (DC)","-","30V","Standard","2.00mm","Copper Alloy","Silver","Through Hole","PC Pin","Epoxy Sealed Terminals"
http://katalog.we-online.de/em/datasheet/450301014042.pdf,//media.digikey.com/Photos/Wurth%20Electronics%20Photos/450301014042.JPG,450301014042-ND,450301014042,Wurth Electronics Inc,SWITCH SLIDE SPDT 500MA 12V,1578,0,"1.99000","0","1","Bulk","WS-SLTV","Active","SPDT","Not Specified","On-On","500mA (DC)","-","12V","Standard","1.40mm","-","Gold","Through Hole","PC Pin","Red Actuator"
http://switches-connectors-custom.cwind.com/Asset/G-107-0513.pdf,//media.digikey.com/photos/CW%20Ind%20Photos/G107-0513.jpg,SW101-ND,G-107-0513,CW Industries,SWITCH SLIDE SPDT 500MA 125V,6152,0,"2.03000","0","1","Bulk","G","Active","SPDT","Not Specified","On-On","500mA (AC/DC)","125V","125V","Standard","3.56mm","-","-","Through Hole","PC Pin","-"
//media.digikey.com/pdf/Data%20Sheets/CW%20Industries%20PDFs/G-107SI-0511.pdf,//media.digikey.com/photos/CW%20Ind%20Photos/G-107-SI-0511.jpg,SW332-ND,G-107-SI-0511,CW Industries,SWITCH SLIDE SPDT 500MA 125V,465,0,"2.03000","0","1","Bulk","G","Active","SPDT","Not Specified","On-On","500mA (AC/DC)","125V","125V","Standard","3.56mm","-","-","Panel Mount, Snap-In","Solder Lug","-"
http://katalog.we-online.de/em/datasheet/450302014072.pdf,//media.digikey.com/Photos/Wurth%20Electronics%20Photos/MFG_450302014072.jpg,450302014072-ND,450302014072,Wurth Electronics Inc,SWITCH SLIDE SPDT 500MA 12V,126,0,"2.15000","0","1","Bulk","WS-SLTU","Active","SPDT","Not Specified","On-On","500mA (DC)","-","12V","Standard","1.40mm","-","Gold","Through Hole, Right Angle","PC Pin","Red Actuator"
http://www.nidec-copal-electronics.com/e/catalog/switch/as.pdf,//media.digikey.com/Photos/Copal%20Photos/AS1D-2M-10-Z.jpg,563-1579-ND,AS1D-2M-10-Z,Copal Electronics Inc.,SWITCH SLIDE SPDT 50MA 48V,113,1600,"2.20000","0","1","Tray","AS","Active","SPDT","Non-Shorting (BBM)","On-On","50mA (AC/DC)","48V","48V","Standard","4.30mm","-","Gold","Through Hole","PC Pin","-"
http://www.apem.com/files/apem/brochures/MHS_MINI_SLIDE.pdf,//media.digikey.com/photos/APEM%20Comp%20Photos/MHS122K.JPG,679-1866-ND,MHS122K,Apem Inc.,SWITCH SLIDE SPDT 300MA 30V,1655,0,"2.22000","0","1","Bulk","MHS","Active","SPDT","Not Specified","On-On","300mA (DC)","-","30V","Baton","10.00mm","Brass","Silver","Through Hole","PC Pin","Epoxy Sealed Terminals"
http://switches-connectors-custom.cwind.com/Asset/GS-115-0072-Dimension-drawing.pdf,-,GS-115-0072-ND,GS-115-0072,CW Industries,SWITCH SLIDE SPDT 500MA 125V,27,0,"2.23000","0","1","Bulk","GS","Active","SPDT","Not Specified","On-On","500mA (AC/DC)","125V","125V","Standard","3.56mm","Copper Alloy","Silver","Panel Mount","PC Pin","-"
http://www.ckswitches.com/media/1433/s.pdf,//media.digikey.com/photos/CK%20Comp%20Photos/S102031MS02Q.JPG,CKC5113-ND,S102031MS02Q,C&K,SWITCH SLIDE SPDT 6A 125V,2913,0,"2.27000","0","1","Bulk","S","Active","SPDT","Not Specified","On-On","6A (AC), 1A (DC)","125V","125V","Standard","8.51mm","Copper","Silver","Through Hole","PC Pin","-"
http://www.ckswitches.com/media/1433/s.pdf,//media.digikey.com/photos/CK%20Comp%20Photos/S102031SS03Q.JPG,CKC5118-ND,S102031SS03Q,C&K,SWITCH SLIDE SPDT 6A 125V,945,0,"2.27000","0","1","Bulk","S","Active","SPDT","Not Specified","On-On","6A (AC), 1A (DC)","125V","125V","Standard","8.51mm","Copper","Silver","Panel Mount","Solder Lug","-"
http://www.nidec-copal-electronics.com/e/catalog/switch/ase.pdf,//media.digikey.com/photos/Copal%20Photos/ASE1D-2M-10-Z.JPG,563-1151-ND,ASE1D-2M-10-Z,Copal Electronics Inc.,SWITCH SLIDE SPDT 50MA 60V,24443,5200,"2.28000","0","1","Bulk","ASE","Active","SPDT","Non-Shorting (BBM)","On-On","50mA (AC/DC)","60V","60V","Standard","2.80mm","-","Gold","Through Hole","PC Pin","Washable"
http://www.apem.com/files/apem/brochures/MJS_MICRO_SLIDE.pdf,//media.digikey.com/photos/APEM%20Comp%20Photos/mjs12r.JPG,679-1843-ND,MJS12R,Apem Inc.,SWITCH SLIDE SPDT 100MA 12V,2548,200,"2.33000","0","1","Bulk","MJS","Active","SPDT","Not Specified","On-On","100mA (DC)","-","12V","Standard","2.50mm","-","Silver","Through Hole, Right Angle","PC Pin","-"
http://www.apem.com/files/apem/brochures/MJS_MICRO_SLIDE.pdf,//media.digikey.com/photos/APEM%20Comp%20Photos/mjs12.JPG,679-1842-ND,MJS12,Apem Inc.,SWITCH SLIDE SPDT 100MA 12V,23,2000,"2.33000","0","1","Bulk","MJS","Active","SPDT","Not Specified","On-On","100mA (DC)","-","12V","Standard","2.00mm","-","Silver","Through Hole","PC Pin","-"
http://www.nkkswitches.com/pdf/SSnonilluminated.pdf,//media.digikey.com/Photos/NKK%20Switches%20Photos/SS12SBP4.jpg,360-3261-ND,SS12SBP4,NKK Switches,SWITCH SLIDE SPDT 0.4VA 28V,4371,1113,"2.35000","0","1","Tray","SS","Active","SPDT","Shorting (MBB)","On-On","0.4VA (AC/DC)","28V","28V","Standard","2.00mm","Phosphor Bronze","Gold","Through Hole","PC Pin","-"
http://www.nkkswitches.com/pdf/SSnonilluminated.pdf,//media.digikey.com/Photos/NKK%20Switches%20Photos/MFG_SS12SBH4.jpg,SS12SBH4-ND,SS12SBH4,NKK Switches,SWITCH SLIDE SPDT 0.4VA 28V,40,0,"2.35000","0","1","Tray","SS","Active","SPDT","Shorting (MBB)","On-On","0.4VA (AC/DC)","28V","28V","Standard","2.50mm","Phosphor Bronze","Gold","Through Hole, Right Angle","PC Pin","-"
http://www.nkkswitches.com/pdf/SSnonilluminated.pdf,//media.digikey.com/Photos/NKK%20Switches%20Photos/MFG_SS12SDH4.jpg,SS12SDH4-ND,SS12SDH4,NKK Switches,SWITCH SLIDE SPDT 0.4VA 28V,7,0,"2.35000","0","1","Tray","SS","Active","SPDT","Shorting (MBB)","On-On","0.4VA (AC/DC)","28V","28V","Standard","2.50mm","Phosphor Bronze","Gold","Through Hole, Right Angle","PC Pin","-"
http://www.nidec-copal-electronics.com/e/catalog/switch/as.pdf,//media.digikey.com/Photos/Copal%20Photos/AS1x-5M-10-Z.jpg,563-1580-ND,AS1D-5M-10-Z,Copal Electronics Inc.,SWITCH SLIDE SPDT 50MA 48V,580,700,"2.43000","0","1","Tray","AS","Active","SPDT","Non-Shorting (BBM)","On-On","50mA (AC/DC)","48V","48V","Standard","4.30mm","-","Gold","Through Hole, Right Angle","PC Pin","-"
http://www.nidec-copal-electronics.com/e/catalog/switch/as.pdf,//media.digikey.com/Photos/Copal%20Photos/AS1D-6M-10-Z.jpg,563-1581-ND,AS1D-6M-10-Z,Copal Electronics Inc.,SWITCH SLIDE SPDT 50MA 48V,380,0,"2.43000","0","1","Tray","AS","Active","SPDT","Non-Shorting (BBM)","On-On","50mA (AC/DC)","48V","48V","Standard","4.30mm","-","Gold","Through Hole, Right Angle","PC Pin","-"
http://www.nidec-copal-electronics.com/e/catalog/switch/mfs.pdf,//media.digikey.com/Photos/Copal%20Photos/MFS101D-15-Z.JPG,563-1554-ND,MFS101D-15-Z,Copal Electronics Inc.,SWITCH SLIDE SPDT 200MA 12V,223,1700,"2.43000","0","1","Bulk","MFS","Active","SPDT","Non-Shorting (BBM)","On-On","200mA (DC)","-","12V","Standard","2.00mm","-","-","Through Hole","PC Pin","-"
http://www.apem.com/files/apem/brochures/switch-slide-NK-ENG.pdf,//media.digikey.com/photos/APEM%20Comp%20Photos/nk236.JPG,679-1860-ND,NK236,Apem Inc.,SWITCH SLIDE SPDT 500MA 12V,2169,0,"2.47000","0","1","Bulk","NK","Active","SPDT","Not Specified","On-On","500mA (DC)","-","12V","Flush","-","Nickel","Gold","Through Hole","PC Pin","Sealed - Flux Protection"
http://www.nidec-copal-electronics.com/e/catalog/switch/cl-sa.pdf,//media.digikey.com/Photos/Copal%20Photos/CL-SA-12C-22.JPG,563-1387-ND,CL-SA-12C-22,Copal Electronics Inc.,SWITCH SLIDE SPDT 500MA 12V,960,300,"2.52000","0","1","Bulk","CL-SA","Active","SPDT","Non-Shorting (BBM)","On-On","500mA (DC)","-","12V","Standard","1.40mm","Gold (Au)","-","Through Hole","PC Pin","-"
http://www.nidec-copal-electronics.com/e/catalog/switch/cl-sa.pdf,//media.digikey.com/Photos/Copal%20Photos/CL-SA-12C-02.JPG,563-1388-ND,CL-SA-12C-02,Copal Electronics Inc.,SWITCH SLIDE SPDT 500MA 12V,447,0,"2.52000","0","1","Bulk","CL-SA","Active","SPDT","Non-Shorting (BBM)","On-On","500mA (DC)","-","12V","Standard","1.40mm","Gold (Au)","-","Through Hole","PC Pin","-"
http://spec_sheets.e-switch.com/specs/T511005.pdf,//media.digikey.com/photos/E-Switch%20Photos/500SSP1S1M1QEB.jpg,EG2476-ND,500SSP1S1M1QEB,E-Switch,SWITCH SLIDE SPDT 5A 120V,329,0,"2.52000","0","1","Bulk","500","Active","SPDT","Not Specified","On-On","5A (AC/DC)","120V","28V","Standard","5.08mm","Copper Alloy","Silver","Panel Mount","Solder Lug","Epoxy Sealed Terminals"
http://spec_sheets.e-switch.com/specs/T511068.pdf,//media.digikey.com/photos/E-Switch%20Photos/500SSP1S1M1QEA.jpg,EG2473-ND,500SSP1S1M1QEA,E-Switch,SWITCH SLIDE SPDT 5A 120V,15,0,"2.52000","0","1","Bulk","500","Active","SPDT","Not Specified","On-On","5A (AC/DC)","120V","28V","Standard","5.08mm","Copper Alloy","Silver","Panel Mount","Solder Lug","Epoxy Sealed Terminals"
http://www.nidec-copal-electronics.com/e/catalog/switch/ase.pdf,//media.digikey.com/Photos/Copal%20Photos/ASE1D-6M-10-Z.JPG,563-1594-ND,ASE1D-6M-10-Z,Copal Electronics Inc.,SWITCH SLIDE SPDT 50MA 60V,367,150,"2.54000","0","1","Bulk","ASE","Active","SPDT","Non-Shorting (BBM)","On-On","50mA (AC/DC)","60V","60V","Standard","2.80mm","-","Gold","Through Hole, Right Angle","PC Pin","Washable"
http://www.apem.com/files/apem/brochures/switch-slide-NK-ENG.pdf,//media.digikey.com/photos/APEM%20Comp%20Photos/NK236H.jpg,679-1861-ND,NK236H,Apem Inc.,SWITCH SLIDE SPDT 500MA 12V,5871,3500,"2.57000","0","1","Bulk","NK","Active","SPDT","Not Specified","On-On","500mA (DC)","-","12V","Standard","1.40mm","Nickel","Gold","Through Hole","PC Pin","Sealed - Flux Protection"
http://www.nidec-copal-electronics.com/e/catalog/switch/cl-sa.pdf,//media.digikey.com/Photos/Copal%20Photos/CL-SA-12C4-22.JPG,563-1385-ND,CL-SA-12C4-22,Copal Electronics Inc.,SWITCH SLIDE SPDT 500MA 12V,762,100,"2.57000","0","1","Bulk","CL-SA","Active","SPDT","Non-Shorting (BBM)","On-On","500mA (DC)","-","12V","Standard","1.40mm","Gold (Au)","-","Through Hole, Right Angle","PC Pin","-"
http://www.nidec-copal-electronics.com/e/catalog/switch/cl-sa.pdf,//media.digikey.com/Photos/Copal%20Photos/CL-SA-12C4-02.JPG,563-1386-ND,CL-SA-12C4-02,Copal Electronics Inc.,SWITCH SLIDE SPDT 500MA 12V,512,100,"2.57000","0","1","Bulk","CL-SA","Active","SPDT","Non-Shorting (BBM)","On-On","500mA (DC)","-","12V","Standard","1.40mm","Gold (Au)","-","Through Hole, Right Angle","PC Pin","-"
http://spec_sheets.e-switch.com/specs/T511004.pdf,//media.digikey.com/photos/E-Switch%20Photos/500SSP1S1M2REA.jpg,EG2472-ND,500SSP1S1M2REA,E-Switch,SWITCH SLIDE SPDT 0.4VA 20V,1671,0,"2.70000","0","1","Bulk","500","Active","SPDT","Not Specified","On-On","0.4VA (AC/DC)","20V","20V","Standard","5.08mm","Copper Alloy","Gold","Through Hole","PC Pin","Epoxy Sealed Terminals"
http://spec_sheets.e-switch.com/specs/T511028.pdf,//media.digikey.com/Photos/E-Switch%20Photos/500SSP1S2M2QEA.JPG,EG5137-ND,500SSP1S2M2QEA,E-Switch,SWITCH SLIDE SPDT 5A 120V,296,0,"2.72000","0","1","Bulk","500","Active","SPDT","Not Specified","On-On","5A (AC/DC)","120V","28V","Standard","7.24mm","Copper Alloy","Silver","Through Hole","PC Pin","Epoxy Sealed Terminals"
http://www.te.com/commerce/DocumentDelivery/DDEController?Action=srchrtrv&DocNm=1-1437575-4&DocType=Customer+Drawing&DocLang=English,//media.digikey.com/photos/Tyco%20Alcoswitch%20Photos/SSA12G.jpg,450-1603-ND,SSA12G,TE Connectivity ALCOSWITCH Switches,SWITCH SLIDE SPDT 0.4VA 20V,3397,0,"2.78000","0","1","Bulk","SSA","Active","SPDT","Not Specified","On-On","0.4VA (AC/DC)","20V","20V","Standard","2.00mm","Copper Alloy","Gold","Through Hole","PC Pin","Epoxy Sealed Terminals"
http://switches-connectors-custom.cwind.com/Asset/GS-111-0044-Dimension-drawing.pdf,//media.digikey.com/Photos/CW%20Ind%20Photos/GS-111-0044.JPG,CWI420-ND,GS-111-0044,CW Industries,SWITCH SLIDE SPDT 500MA 125V,438,0,"2.79000","0","1","Bulk","GS","Active","SPDT","Not Specified","On-On","500mA (AC/DC)","125V","125V","Standard","6.35mm","Copper Alloy","Silver","Through Hole","PC Pin","-"
http://spec_sheets.e-switch.com/specs/T511006.pdf,//media.digikey.com/photos/E-Switch%20Photos/500SSP1S1M6QEA.jpg,EG2478-ND,500SSP1S1M6QEA,E-Switch,SWITCH SLIDE SPDT 5A 120V,10579,0,"2.93000","0","1","Bulk","500","Active","SPDT","Not Specified","On-On","5A (AC/DC)","120V","28V","Standard","4.72mm","Copper Alloy","Silver","Through Hole, Right Angle","PC Pin","Epoxy Sealed Terminals"
http://spec_sheets.e-switch.com/specs/T511069.pdf,//media.digikey.com/Photos/E-Switch%20Photos/500SSP1S1M6QEB.jpg,500SSP1S1M6QEB-ND,500SSP1S1M6QEB,E-Switch,SWITCH SLIDE SPDT 5A 120V,266,0,"2.93000","0","1","Bulk","500","Active","SPDT","Not Specified","On-On","5A (AC/DC)","120V","28V","Standard","4.72mm","Copper Alloy","Silver","Panel Mount, Right Angle","PC Pin","Epoxy Sealed Terminals"
http://www.te.com/commerce/DocumentDelivery/DDEController?Action=srchrtrv&DocNm=1825258&DocType=Customer+Drawing&DocLang=English,//media.digikey.com/photos/Tyco%20Alcoswitch%20Photos/MSS1200RG04.jpg,450-1631-ND,1825258-2,TE Connectivity ALCOSWITCH Switches,SWITCH SLIDE SPDT 0.4VA 20V,1680,0,"2.94000","0","1","Bulk","MSS","Active","SPDT","Shorting (MBB)","On-On","0.4VA (AC/DC)","20V","20V","Standard","4.00mm","Copper Alloy","Gold","Through Hole, Right Angle","PC Pin","Epoxy Sealed Terminals"
http://spec_sheets.e-switch.com/specs/T511012.pdf,//media.digikey.com/photos/E-Switch%20Photos/500SSP1S1M7QEA.jpg,EG2480-ND,500SSP1S1M7QEA,E-Switch,SWITCH SLIDE SPDT 5A 120V,533,0,"3.01000","0","1","Bulk","500","Active","SPDT","Not Specified","On-On","5A (AC/DC)","120V","28V","Standard","4.72mm","Copper Alloy","Silver","Through Hole, Right Angle, Vertical","PC Pin","Epoxy Sealed Terminals"
http://www.nkkswitches.com/pdf/SS3surfaceMount-1.pdf,//media.digikey.com/Photos/NKK%20Switches%20Photos/MFG_SS312SAH4-RO.jpg,360-3250-ND,SS312SAH4,NKK Switches,SWITCH SLIDE SPDT 0.4VA 28V,15872,0,"3.02000","0","1","Tray","SS3","Active","SPDT","Shorting (MBB)","On-On","0.4VA (AC/DC)","28V","28V","Standard","2.00mm","Phosphor Bronze","Gold","Surface Mount, Right Angle","Gull Wing","-"
http://spec_sheets.e-switch.com/specs/T511001.pdf,//media.digikey.com/photos/E-Switch%20Photos/500SSP1S1M6REA.jpg,EG2477-ND,500SSP1S1M6REA,E-Switch,SWITCH SLIDE SPDT 0.4VA 20V,1988,0,"3.05000","0","1","Bulk","500","Active","SPDT","Not Specified","On-On","0.4VA (AC/DC)","20V","20V","Standard","4.72mm","Copper Alloy","Gold","Through Hole, Right Angle","PC Pin","Epoxy Sealed Terminals"
http://www.te.com/commerce/DocumentDelivery/DDEController?Action=srchrtrv&DocNm=1825076&DocType=Customer+Drawing&DocLang=English,//media.digikey.com/photos/Tyco%20Alcoswitch%20Photos/SLS12104%20.jpg,450-1596-ND,1825076-1,TE Connectivity ALCOSWITCH Switches,SWITCH SLIDE SPDT 250MA 125V,248,0,"3.08000","0","1","Bulk","SLS","Active","SPDT","Non-Shorting (BBM)","On-On","250mA (AC), 150mA (DC)","125V","12V","Standard","5.00mm","Copper Alloy","Silver","Panel Mount","Solder Lug","Epoxy Sealed Terminals"
http://www.nkkswitches.com/pdf/SS3surfaceMount-1.pdf,//media.digikey.com/Photos/NKK%20Switches%20Photos/SS312SAH4-R.jpg,360-2924-1-ND,SS312SAH4-R,NKK Switches,SWITCH SLIDE SPDT 0.4VA 28V,6053,0,"3.33000","0","1","Cut Tape (CT)","SS3","Active","SPDT","Shorting (MBB)","On-On","0.4VA (AC/DC)","28V","28V","Standard","2.00mm","Phosphor Bronze","Gold","Surface Mount, Right Angle","Gull Wing","-"
http://www.apem.com/files/apem/brochures/switch-slide-NK-ENG.pdf,//media.digikey.com/photos/APEM%20Comp%20Photos/NK236W.JPG,679-1862-ND,NK236W,Apem Inc.,SWITCH SLIDE SPDT 500MA 12V,2303,0,"3.36000","0","1","Bulk","NK","Active","SPDT","Not Specified","On-On","500mA (DC)","-","12V","Flush","-","Nickel","Gold","Through Hole, Right Angle","PC Pin","Sealed - Flux Protection"
http://www.apem.com/files/apem/brochures/switch-slide-NK-ENG.pdf,//media.digikey.com/photos/APEM%20Comp%20Photos/nk236wh.JPG,679-1863-ND,NK236WH,Apem Inc.,SWITCH SLIDE SPDT 500MA 12V,1945,21300,"3.42000","0","1","Bulk","NK","Active","SPDT","Not Specified","On-On","500mA (DC)","-","12V","Standard","1.40mm","Nickel","Gold","Through Hole, Right Angle","PC Pin","Sealed - Flux Protection"
http://www.ckswitches.com/media/1429/1000.pdf,//media.digikey.com/photos/CK%20Comp%20Photos/1101M2S3CQE2.jpg,CKN5001-ND,1101M2S3CQE2,C&K,SWITCH SLIDE SPDT 6A 120V,6262,0,"3.46000","0","1","Bulk","1000","Active","SPDT","Not Specified","On-On","6A (AC/DC)","120V","28V","Standard","5.08mm","Copper","Silver","Through Hole","PC Pin","Black Actuator, Epoxy Sealed Terminals"
http://www.ckswitches.com/media/1429/1000.pdf,//media.digikey.com/photos/CK%20Comp%20Photos/1101M2S3CBE2.JPG,CKN5000-ND,1101M2S3CBE2,C&K,SWITCH SLIDE SPDT 0.4VA 20V,4982,0,"3.54000","0","1","Bulk","1000","Active","SPDT","Not Specified","On-On","0.4VA (AC/DC)","20V","20V","Standard","5.08mm","Copper","Gold","Through Hole","PC Pin","Black Actuator, Epoxy Sealed Terminals"
http://www.nidec-copal-electronics.com/e/catalog/switch/8ss.pdf,//media.digikey.com/Photos/Copal%20Photos/8SS10x2-Z.jpg,563-1621-ND,8SS1012-Z,Copal Electronics Inc.,SWITCH SLIDE SPDT 6A 125V,262,900,"3.64000","0","1","Bulk","8SS","Active","SPDT","Non-Shorting (BBM)","On-On","6A (AC), 4A (DC)","125V","30V","Standard","5.00mm","-","Silver","Through Hole","PC Pin","-"
http://www.nidec-copal-electronics.com/e/catalog/switch/8ss.pdf,//media.digikey.com/Photos/Copal%20Photos/8SS10x1-Z.jpg,563-1620-ND,8SS1011-Z,Copal Electronics Inc.,SWITCH SLIDE SPDT 6A 125V,157,8200,"3.64000","0","1","Bulk","8SS","Active","SPDT","Non-Shorting (BBM)","On-On","6A (AC), 4A (DC)","125V","30V","Standard","5.00mm","-","Silver","Panel Mount","Solder Lug","-"
http://www.nkkswitches.com/pdf/Aslides.pdf,"//media.digikey.com/photos/NKK%20Switches%20Photos/AS12AP,%20AS13AP.jpg",360-2121-ND,AS12AP,NKK Switches,SWITCH SLIDE SPDT 0.4VA 28V,1152,0,"3.65000","0","1","Tray","AS","Active","SPDT","Non-Shorting (BBM)","On-On","0.4VA (AC/DC)","28V","28V","Standard","2.50mm","Phosphor Bronze","Gold","Through Hole","PC Pin","Epoxy Sealed Terminals"
http://www.nkkswitches.com/pdf/Aslides.pdf,//media.digikey.com/photos/NKK%20Switches%20Photos/AS12CP.JPG,360-2612-ND,AS12CP,NKK Switches,SWITCH SLIDE SPDT 0.4VA 28V,477,0,"3.65000","0","1","Tray","AS","Active","SPDT","Non-Shorting (BBM)","On-On","0.4VA (AC/DC)","28V","28V","Standard","3.80mm","Phosphor Bronze","Gold","Through Hole","PC Pin","Epoxy Sealed Terminals"
http://www.nkkswitches.com/pdf/MSnonilluminated.pdf,//media.digikey.com/photos/NKK%20Switches%20Photos/MS12AFG01.JPG,360-2380-ND,MS12AFG01,NKK Switches,SWITCH SLIDE SPDT 0.4VA 28V,33,31,"3.79000","0","1","Bulk","MS","Active","SPDT","Non-Shorting (BBM)","On-On","0.4VA (AC/DC)","28V","28V","Standard","5.10mm","Copper","Gold","Panel Mount","Solder Lug","Epoxy Sealed Terminals"
http://www.ckswitches.com/media/1429/1000.pdf,//media.digikey.com/photos/CK%20Comp%20Photos/1101M1S3ZBE2.jpg,CKN5059-ND,1101M1S3ZBE2,C&K,SWITCH SLIDE SPDT 0.4VA 20V,2245,0,"3.81000","0","1","Bulk","1000","Active","SPDT","Not Specified","On-On","0.4VA (AC/DC)","20V","20V","Standard","5.08mm","Copper","Gold","Panel Mount","Solder Lug","Black Actuator, Epoxy Sealed Terminals"
http://www.ckswitches.com/media/1425/lp.pdf,//media.digikey.com/photos/CK%20Comp%20Photos/LP02C21T203DQ.jpg,CKC5015-ND,LP02C21T203DQ,C&K,SWITCH SLIDE SPDT 6A 125V,208,0,"3.81000","0","1","Tray","LP","Active","SPDT","Not Specified","On-On","6A (AC/DC)","125V","28V","Snap on Cap","9.55mm","Copper","Silver","Panel Mount, Snap-In","Solder Lug","On-Off Marking on Housing"
http://spec_sheets.e-switch.com/specs/T511000.pdf,//media.digikey.com/photos/E-Switch%20Photos/500ASSP1M2RE.jpg,EG2482-ND,500ASSP1M2RE,E-Switch,SWITCH SLIDE SPDT 0.4VA 20V,1,0,"3.83000","0","1","Tray","500A","Active","SPDT","Not Specified","On-On","0.4VA (AC/DC)","20V","20V","Standard","3.10mm","Copper Alloy","Gold","Through Hole","PC Pin","Epoxy Sealed Terminals"
http://www.nkkswitches.com/pdf/smslides.pdf,//media.digikey.com/Photos/NKK%20Switches%20Photos/MFG_SM0320102.jpg,360-2920-ND,SM0320102,NKK Switches,SWITCH SLIDE SPDT 500MA 12V,1584,951,"3.84000","0","1","Bulk","SM","Active","SPDT","Non-Shorting (BBM)","On-On","500mA (DC)","-","12V","Standard","1.40mm","Brass","Gold","Through Hole","PC Pin","-"
http://www.te.com/commerce/DocumentDelivery/DDEController?Action=srchrtrv&DocNm=1825257&DocType=Customer+Drawing&DocLang=English,//media.digikey.com/photos/Tyco%20Alcoswitch%20Photos/MSS1200G04.jpg,450-1583-ND,1825257-2,TE Connectivity ALCOSWITCH Switches,SWITCH SLIDE SPDT 0.4VA 20V,2296,0,"3.91000","0","1","Bulk","MSS","Active","SPDT","Shorting (MBB)","On-On","0.4VA (AC/DC)","20V","20V","Standard","5.00mm","Copper Alloy","Gold","Through Hole","PC Pin","Epoxy Sealed Terminals"
http://www.ckswitches.com/media/1423/l.pdf,//media.digikey.com/photos/CK%20Comp%20Photos/l102121ml04b.JPG,L102121ML04B-ND,L102121ML04B,C&K,SWITCH SLIDE SPDT 0.4VA 20V,136,0,"3.97000","0","1","Bulk","L","Active","SPDT","Not Specified","On-On","0.4VA (AC/DC)","20V","20V","Screwdriver Slot","1.65mm","Copper","Gold","Through Hole, Right Angle","PC Pin","-"
http://www.nkkswitches.com/pdf/MSnonilluminated.pdf,//media.digikey.com/Photos/NKK%20Switches%20Photos/MS12ANG03.jpg,360-2383-ND,MS12ANG03,NKK Switches,SWITCH SLIDE SPDT 0.4VA 28V,67,1108,"3.98000","0","1","Bulk","MS","Active","SPDT","Non-Shorting (BBM)","On-On","0.4VA (AC/DC)","28V","28V","Standard","5.10mm","Copper","Gold","Through Hole","PC Pin","Epoxy Sealed Terminals"
http://spec_sheets.e-switch.com/specs/T551101.pdf,//media.digikey.com/photos/E-Switch%20Photos/500ASSP1M6QE.jpg,EG2483-ND,500ASSP1M6QE,E-Switch,SWITCH SLIDE SPDT 3A 120V,2491,0,"3.99000","0","1","Bulk","500A","Active","SPDT","Not Specified","On-On","3A (AC/DC)","120V","28V","Standard","3.10mm","Copper Alloy","Silver","Through Hole, Right Angle","PC Pin","Epoxy Sealed Terminals"
http://www.ckswitches.com/media/1429/1000.pdf,"//media.digikey.com/photos/CK%20Comp%20Photos/1101M1S2ZQE2,%201101M1S3ZQE2.jpg",CKN5004-ND,1101M1S3ZQE2,C&K,SWITCH SLIDE SPDT 6A 120V,642,0,"4.06000","0","1","Bulk","1000","Active","SPDT","Not Specified","On-On","6A (AC/DC)","120V","28V","Standard","5.08mm","Copper","Silver","Panel Mount","Solder Lug","Black Actuator, Epoxy Sealed Terminals"
http://www.ckswitches.com/media/1429/1000.pdf,"//media.digikey.com/photos/CK%20Comp%20Photos/1101M1S2ZQE2,%201101M1S3ZQE2.jpg",CKN5058-ND,1101M1S2ZQE2,C&K,SWITCH SLIDE SPDT 6A 120V,436,0,"4.06000","0","1","Bulk","1000","Active","SPDT","Not Specified","On-On","6A (AC/DC)","120V","28V","Standard","3.56mm","Copper","Silver","Panel Mount","Solder Lug","Black Actuator, Epoxy Sealed Terminals"
http://www.nkkswitches.com/pdf/Aslides.pdf,"//media.digikey.com/photos/NKK%20Switches%20Photos/AS12AH-RO,%20AS13AH-RO.jpg",360-2122-ND,AS12AH,NKK Switches,SWITCH SLIDE SPDT 0.4VA 28V,1950,0,"4.19000","0","1","Tray","AS","Active","SPDT","Non-Shorting (BBM)","On-On","0.4VA (AC/DC)","28V","28V","Standard","2.50mm","Phosphor Bronze","Gold","Through Hole, Right Angle","PC Pin","Epoxy Sealed Terminals"
http://www.nkkswitches.com/pdf/Aslides.pdf,//media.digikey.com/Photos/NKK%20Switches%20Photos/AS12CV.jpg,360-3344-ND,AS12CV,NKK Switches,SWITCH SLIDE SPDT 0.4VA 28V,205,0,"4.19000","0","1","Tray","AS","Active","SPDT","Non-Shorting (BBM)","On-On","0.4VA (AC/DC)","28V","28V","Standard","3.80mm","Phosphor Bronze","Gold","Through Hole, Right Angle, Vertical","PC Pin","Epoxy Sealed Terminals"
http://www.nkkswitches.com/pdf/Aslides.pdf,"//media.digikey.com/photos/NKK%20Switches%20Photos/AS12AV-RO,%20AS13AV-RO.jpg",360-2123-ND,AS12AV,NKK Switches,SWITCH SLIDE SPDT 0.4VA 28V,1183,0,"4.19000","0","1","Tray","AS","Active","SPDT","Non-Shorting (BBM)","On-On","0.4VA (AC/DC)","28V","28V","Standard","2.50mm","Phosphor Bronze","Gold","Through Hole, Right Angle, Vertical","PC Pin","Epoxy Sealed Terminals"
http://www.nkkswitches.com/pdf/Aslides.pdf,//media.digikey.com/Photos/NKK%20Switches%20Photos/MFG_AS12CH-RO.jpg,360-2745-ND,AS12CH,NKK Switches,SWITCH SLIDE SPDT 0.4VA 28V,101,0,"4.19000","0","1","Tray","AS","Active","SPDT","Non-Shorting (BBM)","On-On","0.4VA (AC/DC)","28V","28V","Standard","3.80mm","Phosphor Bronze","Gold","Through Hole, Right Angle","PC Pin","Epoxy Sealed Terminals"
http://www.nkkswitches.com/pdf/Aslides.pdf,//media.digikey.com/Photos/NKK%20Switches%20Photos/MFG_AS12BV.jpg,AS12BV-ND,AS12BV,NKK Switches,SWITCH SLIDE SPDT 0.4VA 28V,388,0,"4.19000","0","1","Tray","AS","Active","SPDT","Non-Shorting (BBM)","On-On","0.4VA (AC/DC)","28V","28V","Flush","Flush","Phosphor Bronze","Gold","Through Hole, Right Angle, Vertical","PC Pin","Epoxy Sealed Terminals"
http://www.nkkswitches.com/pdf/Aslides.pdf,//media.digikey.com/Photos/NKK%20Switches%20Photos/AS12BH.jpg,360-2611-ND,AS12BH,NKK Switches,SWITCH SLIDE SPDT 0.4VA 28V,1,832,"4.19000","0","1","Tray","AS","Active","SPDT","Non-Shorting (BBM)","On-On","0.4VA (AC/DC)","28V","28V","Flush","Flush","Phosphor Bronze","Gold","Through Hole, Right Angle","PC Pin","Epoxy Sealed Terminals"
http://www.nkkswitches.com/pdf/Aslides.pdf,//media.digikey.com/Photos/NKK%20Switches%20Photos/AS12CV%5EA.JPG,AS12CV/A-ND,AS12CV/A,NKK Switches,SWITCH SLIDE SPDT 0.4VA 28V,6,0,"4.19000","0","1","Tray","AS","Active","SPDT","Non-Shorting (BBM)","On-On","0.4VA (AC/DC)","28V","28V","Standard","3.80mm","Phosphor Bronze","Gold","Through Hole, Right Angle, Vertical","PC Pin","Epoxy Sealed Terminals"
http://www.ckswitches.com/media/1429/1000.pdf,//media.digikey.com/photos/CK%20Comp%20Photos/1101M2S3AQE2.jpg,CKN5006-ND,1101M2S3AQE2,C&K,SWITCH SLIDE SPDT 6A 120V,1921,0,"4.22000","0","1","Bulk","1000","Active","SPDT","Not Specified","On-On","6A (AC/DC)","120V","28V","Standard","4.72mm","Copper","Silver","Through Hole, Right Angle","PC Pin","Black Actuator, Epoxy Sealed Terminals"
http://www.ckswitches.com/media/1429/1000.pdf,//media.digikey.com/photos/CK%20Comp%20Photos/1101M2S3AV2QE2.jpg,CKN5008-ND,1101M2S3AV2QE2,C&K,SWITCH SLIDE SPDT 6A 120V,557,0,"4.22000","0","1","Bulk","1000","Active","SPDT","Not Specified","On-On","6A (AC/DC)","120V","28V","Standard","4.72mm","Copper","Silver","Through Hole, Right Angle, Vertical","PC Pin","Black Actuator, Epoxy Sealed Terminals"
http://www.ckswitches.com/media/1426/ts.pdf,//media.digikey.com/photos/CK%20Comp%20Photos/TS01CQE.jpg,CKC5123-ND,TS01CQE,C&K,SWITCH SLIDE SPDT 3A 120V,83,0,"4.29000","0","1","Bulk","TS","Active","SPDT","Not Specified","On-On","3A (AC/DC)","120V","28V","Standard","3.10mm","Silver (Ag)","Silver","Through Hole","PC Pin","Epoxy Sealed Terminals"
http://www.ckswitches.com/media/1429/1000.pdf,//media.digikey.com/photos/CK%20Comp%20Photos/1101M2S3ABE2.jpg,CKN5005-ND,1101M2S3ABE2,C&K,SWITCH SLIDE SPDT 0.4VA 20V,1336,0,"4.31000","0","1","Bulk","1000","Active","SPDT","Not Specified","On-On","0.4VA (AC/DC)","20V","20V","Standard","4.72mm","Copper","Gold","Through Hole, Right Angle","PC Pin","Black Actuator, Epoxy Sealed Terminals"
http://www.ckswitches.com/media/1429/1000.pdf,"//media.digikey.com/photos/CK%20Comp%20Photos/1101M2S3AV2BE2,%201101M2S3AV2GE2.jpg",CKN5007-ND,1101M2S3AV2BE2,C&K,SWITCH SLIDE SPDT 0.4VA 20V,522,0,"4.31000","0","1","Bulk","1000","Active","SPDT","Not Specified","On-On","0.4VA (AC/DC)","20V","20V","Standard","4.72mm","Copper","Gold","Through Hole, Right Angle, Vertical","PC Pin","Black Actuator, Epoxy Sealed Terminals"
http://www.ckswitches.com/media/1429/1000.pdf,//media.digikey.com/photos/CK%20Comp%20Photos/1101M2S3V3BE2.jpg,CKN5048-ND,1101M2S3V3BE2,C&K,SWITCH SLIDE SPDT 0.4VA 20V,169,0,"4.31000","0","1","Bulk","1000","Active","SPDT","Not Specified","On-On","0.4VA (AC/DC)","20V","20V","Standard","4.72mm","Copper","Gold","Through Hole","PC Pin","Black Actuator, Epoxy Sealed Terminals"
http://www.nkkswitches.com/pdf/MSnonilluminated.pdf,//media.digikey.com/Photos/NKK%20Switches%20Photos/MS12ASG13.JPG,360-2388-ND,MS12ASG13,NKK Switches,SWITCH SLIDE SPDT 0.4VA 28V,1,0,"4.32000","0","1","Bulk","MS","Active","SPDT","Non-Shorting (BBM)","On-On","0.4VA (AC/DC)","28V","28V","Standard","5.10mm","Copper","Gold","Through Hole","PC Pin","Epoxy Sealed Terminals"
http://www.ckswitches.com/media/1425/lp.pdf,//media.digikey.com/photos/CK%20Comp%20Photos/LP02C31T203DQ.jpg,CKC5017-ND,LP02C31T203DQ,C&K,SWITCH SLIDE SPDT 6A 125V,89,0,"4.48000","0","1","Tray","LP","Active","SPDT","Not Specified","On-On","6A (AC/DC)","125V","28V","Snap on Cap","9.55mm","Copper","Silver","Panel Mount, Snap-In","Solder Lug","On-Off Marking on Housing"
http://www.nkkswitches.com/pdf/MSnonilluminated.pdf,//media.digikey.com/Photos/NKK%20Switches%20Photos/MS12ASG30.JPG,360-2390-ND,MS12ASG30,NKK Switches,SWITCH SLIDE SPDT 0.4VA 28V,804,17070,"4.60000","0","1","Bulk","MS","Active","SPDT","Non-Shorting (BBM)","On-On","0.4VA (AC/DC)","28V","28V","Standard","5.10mm","Copper","Gold","Through Hole, Right Angle","PC Pin","Epoxy Sealed Terminals"
http://www.ckswitches.com/media/1426/ts.pdf,//media.digikey.com/photos/CK%20Comp%20Photos/TS01AQ.jpg,CKC5121-ND,TS01AQE,C&K,SWITCH SLIDE SPDT 3A 120V,733,0,"4.66000","0","1","Bulk","TS","Active","SPDT","Not Specified","On-On","3A (AC/DC)","120V","28V","Standard","3.10mm","Silver (Ag)","Silver","Through Hole, Right Angle","PC Pin","Epoxy Sealed Terminals"
http://www.ckswitches.com/media/1426/ts.pdf,//media.digikey.com/photos/CK%20Comp%20Photos/TS01ABE.jpg,CKC5120-ND,TS01ABE,C&K,SWITCH SLIDE SPDT 0.4VA 20V,523,0,"4.76000","0","1","Bulk","TS","Active","SPDT","Not Specified","On-On","0.4VA (AC/DC)","20V","20V","Standard","3.10mm","Copper Alloy","Gold","Through Hole, Right Angle","PC Pin","Epoxy Sealed Terminals"
http://www.nkkswitches.com/pdf/MSnonilluminated.pdf,//media.digikey.com/Photos/NKK%20Switches%20Photos/MS12ASG40.JPG,360-2393-ND,MS12ASG40,NKK Switches,SWITCH SLIDE SPDT 0.4VA 28V,207,0,"4.83000","0","1","Bulk","MS","Active","SPDT","Non-Shorting (BBM)","On-On","0.4VA (AC/DC)","28V","28V","Standard","5.10mm","Copper","Gold","Through Hole, Right Angle, Vertical","PC Pin","Epoxy Sealed Terminals"
http://www.ckswitches.com/media/1426/ts.pdf,"//media.digikey.com/photos/CK%20Comp%20Photos/TS01CBE,%20TS03CBE.jpg",CKC5122-ND,TS01CBE,C&K,SWITCH SLIDE SPDT 0.4VA 20V,745,0,"5.12000","0","1","Bulk","TS","Active","SPDT","Not Specified","On-On","0.4VA (AC/DC)","20V","20V","Standard","3.10mm","Copper Alloy","Gold","Through Hole","PC Pin","Epoxy Sealed Terminals"
http://www.te.com/commerce/DocumentDelivery/DDEController?Action=srchrtrv&DocNm=1571984&DocType=Customer+Drawing&DocLang=English,//media.digikey.com/photos/Tyco%20Alcoswitch%20Photos/TSS11DGRA04.jpg,450-1622-ND,1571984-1,TE Connectivity ALCOSWITCH Switches,SWITCH SLIDE SPDT 0.4VA 20V,1121,0,"5.36000","0","1","Bulk","TSS","Active","SPDT","Non-Shorting (BBM)","On-On","0.4VA (AC/DC)","20V","20V","Standard","2.79mm","Copper","Gold","Through Hole, Right Angle","PC Pin","Epoxy Sealed Terminals"
http://www.ckswitches.com/media/1429/1000.pdf,//media.digikey.com/Photos/CK%20Comp%20Photos/1101M2S5CQE2.JPG,CKN10602-ND,1101M2S5CQE2,C&K,SWITCH SLIDE SPDT 6A 120V,365,0,"5.37000","0","1","Bulk","1000","Active","SPDT","Not Specified","On-On","6A (AC/DC)","120V","28V","Standard","9.40mm","Copper","Silver","Through Hole","PC Pin","Black Actuator, Epoxy Sealed Terminals"
http://www.ckswitches.com/media/1429/1000.pdf,//media.digikey.com/photos/CK%20Comp%20Photos/1101M2S4AQE2.jpg,CKN5050-ND,1101M2S4AQE2,C&K,SWITCH SLIDE SPDT 6A 120V,766,0,"5.60000","0","1","Bulk","1000","Active","SPDT","Not Specified","On-On","6A (AC/DC)","120V","28V","Standard","6.88mm","Copper","Silver","Through Hole, Right Angle","PC Pin","Black Actuator, Epoxy Sealed Terminals"
http://www.ckswitches.com/media/1429/1000.pdf,//media.digikey.com/photos/CK%20Comp%20Photos/1101M1S3ZGE2.JPG,CKN5060-ND,1101M1S3ZGE2,C&K,SWITCH SLIDE SPDT 6A 120V,134,0,"5.76000","0","1","Bulk","1000","Active","SPDT","Not Specified","On-On","6A (AC/DC)","120V","28V","Standard","5.08mm","Copper","Gold","Panel Mount","Solder Lug","Black Actuator, Epoxy Sealed Terminals"
http://www.ckswitches.com/media/1429/1000.pdf,//media.digikey.com/photos/CK%20Comp%20Photos/1101M2S3CGE2.JPG,CKN9628-ND,1101M2S3CGE2,C&K,SWITCH SLIDE SPDT 6A 120V,115,0,"5.87000","0","1","Bulk","1000","Active","SPDT","Not Specified","On-On","6A (AC/DC)","120V","28V","Standard","5.08mm","Copper","Gold","Through Hole","PC Pin","Black Actuator, Epoxy Sealed Terminals"
http://www.te.com/commerce/DocumentDelivery/DDEController?Action=srchrtrv&DocNm=1571982&DocType=Customer+Drawing&DocLang=English,//media.digikey.com/photos/Tyco%20Alcoswitch%20Photos/TSS21NGPC04.jpg,450-1621-ND,1571982-1,TE Connectivity ALCOSWITCH Switches,SWITCH SLIDE SPDT 0.4VA 20V,462,0,"5.98000","0","1","Bulk","TSS","Active","SPDT","Non-Shorting (BBM)","On-On","0.4VA (AC/DC)","20V","20V","Standard","2.80mm","Copper","Gold","Through Hole","PC Pin","Epoxy Sealed Terminals"
http://www.te.com/commerce/DocumentDelivery/DDEController?Action=srchrtrv&DocNm=1571982&DocType=Customer+Drawing&DocLang=English,//media.digikey.com/Photos/Tyco%20Photos/TSS11DG1PC04.jpg,1571982-2-ND,1571982-2,TE Connectivity ALCOSWITCH Switches,SWITCH SLIDE SPDT 0.4VA 20V,974,0,"6.03000","0","1","Bulk","TSS","Active","SPDT","Non-Shorting (BBM)","On-On","0.4VA (AC/DC)","20V","20V","Flush","Flush","Copper","Gold","Through Hole","PC Pin","Epoxy Sealed Terminals"
http://www.ckswitches.com/media/1421/es.pdf,//media.digikey.com/photos/CK%20Comp%20Photos/ES01MSABE.JPG,CKN1779CT-ND,ES01MSABE,C&K,SWITCH SLIDE SPDT 0.4VA 20V,2867,0,"6.05000","0","1","Cut Tape (CT)","ES","Active","SPDT","Not Specified","On-On","0.4VA (AC/DC)","20V","20V","Standard","3.07mm","Bronze","Gold","Surface Mount, Right Angle","Gull Wing","Epoxy Sealed Terminals, IP57"
http://www.ckswitches.com/media/1421/es.pdf,"//media.digikey.com/photos/CK%20Comp%20Photos/ES01MAVBE,%20ES03MAVBE.jpg",CKN1777-ND,ES01MAVBE,C&K,SWITCH SLIDE SPDT 0.4VA 20V,407,0,"6.09000","0","1","Tray","ES","Active","SPDT","Not Specified","On-On","0.4VA (AC/DC)","20V","20V","Standard","3.07mm","Bronze","Gold","Through Hole, Right Angle, Vertical","PC Pin","Epoxy Sealed Terminals, IP57"
http://www.ckswitches.com/media/1418/gs.pdf,//media.digikey.com/photos/CK%20Comp%20Photos/GS01MCKE.jpg,CKN9136-ND,GS01MCBE,C&K,SWITCH SLIDE SPDT 0.4VA 20V,1180,0,"6.12000","0","1","Tray","GS","Active","SPDT","Not Specified","On-On","0.4VA (AC/DC)","20V","20V","Standard","1.27mm","Copper","Gold","Through Hole","PC Pin","Epoxy Sealed Terminals"
http://www.te.com/commerce/DocumentDelivery/DDEController?Action=srchrtrv&DocNm=1825032&DocType=Customer+Drawing&DocLang=English,//media.digikey.com/Photos/TE%20Connectivity/1825032-1.JPG,450-2129-ND,1825032-1,TE Connectivity ALCOSWITCH Switches,SWITCH SLIDE SPDT 0.4VA 20V,1477,0,"6.21000","0","1","Bulk","SE","Active","SPDT","Non-Shorting (BBM)","On-On","0.4VA (AC/DC)","20V","20V","Standard","3.50mm","Copper Alloy","Gold","Through Hole","PC Pin","IP67 - Dust Tight, Waterproof"
http://www.apem.com/files/apem/brochures/switch-slide-25000N-ENG.pdf,//media.digikey.com/photos/APEM%20Comp%20Photos/25136NAH.JPG,679-1887-ND,25136NAH,Apem Inc.,SWITCH SLIDE SPDT 4A 125V,1795,75,"6.23000","0","1","Bulk","25000N","Active","SPDT","Not Specified","On-On","4A (AC), 1A (DC)","125V","30V","Standard","2.80mm","Silver (Ag)","-","Through Hole","PC Pin","Epoxy Sealed Terminals"
http://www.apem.com/files/apem/brochures/switch-slide-25000N-ENG.pdf,//media.digikey.com/photos/APEM%20Comp%20Photos/25336NA.JPG,679-1893-ND,25336NA,Apem Inc.,SWITCH SLIDE SPDT 4A 125V,458,900,"6.23000","0","1","Bulk","25000N","Active","SPDT","Not Specified","On-On","4A (AC), 1A (DC)","125V","30V","Standard","2.30mm","Silver (Ag)","-","Through Hole, Right Angle","PC Pin","Epoxy Sealed Terminals"
http://www.ckswitches.com/media/1418/gs.pdf,//media.digikey.com/photos/CK%20Comp%20Photos/GS01MSAKE(T&R).jpg,CKN9105CT-ND,GS01MSABE,C&K,SWITCH SLIDE SPDT 0.4VA 20V,1440,0,"6.26000","0","1","Cut Tape (CT)","GS","Active","SPDT","Not Specified","On-On","0.4VA (AC/DC)","20V","20V","Standard","1.27mm","Copper","Gold","Surface Mount, Right Angle","Gull Wing","Epoxy Sealed Terminals"
http://www.nkkswitches.com/pdf/SSilluminated.pdf,//media.digikey.com/Photos/NKK%20Switches%20Photos/MFG_SS12SDH2LF.jpg,SS12SDH2LF-ND,SS12SDH2LF,NKK Switches,SWITCH SLIDE SPDT 100MA 30V,235,179,"6.26000","0","1","Tray","SS","Active","SPDT","Shorting (MBB)","On-On","100mA (DC)","-","30V","Illuminated","2.50mm","Phosphor Bronze","Silver","Through Hole, Right Angle","PC Pin","-"
http://www.nkkswitches.com/pdf/SSilluminated.pdf,//media.digikey.com/Photos/NKK%20Switches%20Photos/MFG_SS12SDP2LC.jpg,SS12SDP2LC-ND,SS12SDP2LC,NKK Switches,SWITCH SLIDE SPDT 100MA 30V,96,82,"6.26000","0","1","Tray","SS","Active","SPDT","Shorting (MBB)","On-On","100mA (DC)","-","30V","Illuminated","2.50mm","Phosphor Bronze","Silver","Through Hole","PC Pin","-"
http://www.nkkswitches.com/pdf/SSilluminated.pdf,//media.digikey.com/Photos/NKK%20Switches%20Photos/MFG_SS12SDH2LC.jpg,SS12SDH2LC-ND,SS12SDH2LC,NKK Switches,SWITCH SLIDE SPDT 100MA 30V,40,0,"6.26000","0","1","Tray","SS","Active","SPDT","Shorting (MBB)","On-On","100mA (DC)","-","30V","Illuminated","2.50mm","Phosphor Bronze","Silver","Through Hole, Right Angle","PC Pin","-"
http://www.nkkswitches.com/pdf/SSilluminated.pdf,//media.digikey.com/Photos/NKK%20Switches%20Photos/SS12SDP2LF.jpg,360-3206-ND,SS12SDP2LF,NKK Switches,SWITCH SLIDE SPDT 100MA 30V,19,48,"6.26000","0","1","Tray","SS","Active","SPDT","Shorting (MBB)","On-On","100mA (DC)","-","30V","Illuminated","2.50mm","Phosphor Bronze","Silver","Through Hole","PC Pin","-"
http://www.nkkswitches.com/pdf/SSilluminated.pdf,//media.digikey.com/Photos/NKK%20Switches%20Photos/MFG_SS12SDP2LE.jpg,SS12SDP2LE-ND,SS12SDP2LE,NKK Switches,SWITCH SLIDE SPDT 100MA 30V,20,0,"6.26000","0","1","Tray","SS","Active","SPDT","Shorting (MBB)","On-On","100mA (DC)","-","30V","Illuminated","2.50mm","Phosphor Bronze","Silver","Through Hole","PC Pin","-"
http://www.nkkswitches.com/pdf/SSilluminated.pdf,//media.digikey.com/Photos/NKK%20Switches%20Photos/MFG_SS12SDH2LE.jpg,SS12SDH2LE-ND,SS12SDH2LE,NKK Switches,SWITCH SLIDE SPDT 100MA 30V,20,0,"6.26000","0","1","Tray","SS","Active","SPDT","Shorting (MBB)","On-On","100mA (DC)","-","30V","Illuminated","2.50mm","Phosphor Bronze","Silver","Through Hole, Right Angle","PC Pin","-"
http://www.apem.com/files/apem/brochures/switch-slide-G-ENG.pdf,//media.digikey.com/Photos/APEM%20Comp%20Photos/GH36S010001.JPG,679-1879-ND,GH36S010001,Apem Inc.,SWITCH SLIDE SPDT 3A 30V,178,0,"6.64000","0","1","Bulk","G","Active","SPDT","Not Specified","On-On","3A (DC)","-","30V","Standard","5.10mm","Silver (Ag)","-","Panel Mount","Solder Lug","Epoxy Sealed Terminals"
http://www.apem.com/files/apem/brochures/switch-slide-G-ENG.pdf,//media.digikey.com/photos/APEM%20Comp%20Photos/GH36P010001.jpg,679-1877-ND,GH36P010001,Apem Inc.,SWITCH SLIDE SPDT 3A 30V,68,2200,"6.96000","0","1","Bulk","G","Active","SPDT","Not Specified","On-On","3A (DC)","-","30V","Standard","5.10mm","Silver (Ag)","-","Through Hole","PC Pin","Epoxy Sealed Terminals"
http://www.apem.com/files/apem/brochures/switch-slide-G-ENG.pdf,//media.digikey.com/photos/APEM%20Comp%20Photos/GH36P000001.jpg,679-1876-ND,GH36P000001,Apem Inc.,SWITCH SLIDE SPDT 0.4VA 20V,169,100,"7.74000","0","1","Bulk","G","Active","SPDT","Not Specified","On-On","0.4VA (AC/DC)","20V","20V","Standard","5.10mm","Brass","Gold","Through Hole","PC Pin","Epoxy Sealed Terminals"
http://www.ckswitches.com/media/1418/gs.pdf,//media.digikey.com/photos/CK%20Comp%20Photos/GS01MAKE.jpg,CKN9130-ND,GS01MABE,C&K,SWITCH SLIDE SPDT 0.4VA 20V,81,0,"8.21000","0","1","Tray","GS","Active","SPDT","Not Specified","On-On","0.4VA (AC/DC)","20V","20V","Standard","1.27mm","Copper","Gold","Through Hole, Right Angle","PC Pin","Epoxy Sealed Terminals"
http://www.apem.com/files/apem/brochures/switch-slide-25000N-ENG.pdf,//media.digikey.com/photos/APEM%20Comp%20Photos/25136nab.JPG,679-1886-ND,25136NAB,Apem Inc.,SWITCH SLIDE SPDT 4A 125V,3515,0,"8.55000","0","1","Bulk","25000N","Active","SPDT","Not Specified","On-On","4A (AC), 1A (DC)","125V","30V","Flush","-","Silver (Ag)","-","Through Hole","PC Pin","Epoxy Sealed Terminals"
